<?xml version = '1.0' encoding = 'UTF-8'?>
<FKIndexAssociation class="oracle.dbtools.crest.model.design.relational.FKIndexAssociation" directorySegmentName="seg_0" id="0FD3278D-6F89-B350-BF06-64B7B158C847" containerWithKeyObject="370300D8-F1C2-D9D7-FB1E-8A4D3FC64F3C" localFKIndex="A8C3E1B5-A7E9-CEB8-B199-146419CCC1C0" name="plano_beneficiario_FK">
<createdBy>Jhonn</createdBy>
<createdTime>2023-11-28 00:21:47 UTC</createdTime>
<generatorID>6225EBDD-BBED-CA85-7162-B52AE6CB75BD</generatorID>
<ownerDesignName>Logical</ownerDesignName>
<referredTableLongName>beneficiario</referredTableLongName>
<deleteRule>NO ACTION</deleteRule>
<referredTableID>85DD72CC-638C-3B2C-7DA8-2B83B5623BBC</referredTableID>
<keyObject>F1F69A29-EA4A-4162-F60E-773EB355F0C7</keyObject>
<referredKeyID>F1F69A29-EA4A-4162-F60E-773EB355F0C7</referredKeyID>
<mandatory>true</mandatory>
<refColNames>id</refColNames>
<transferable>true</transferable>
<rely>false</rely>
<columnDependencyConstraintGenerateInDDL>true</columnDependencyConstraintGenerateInDDL>
</FKIndexAssociation>