<?xml version = '1.0' encoding = 'UTF-8'?>
<Entity class="oracle.dbtools.crest.model.design.logical.Entity" directorySegmentName="seg_0" id="C748DF9C-2025-5157-D45A-734FA4B8904B" name="exame">
<createdBy>Jhonn</createdBy>
<createdTime>2023-11-28 00:09:40 UTC</createdTime>
<ownerDesignName>Relational</ownerDesignName>
<engineerTo>
<item key="34094FED-230F-6AAD-A6CA-73C5C56A798E" value="true"/>
</engineerTo>
<adequatelyNormalized>NO</adequatelyNormalized>
<expectedVolumes>0</expectedVolumes>
<fwdEngineeringStrategyName>Single Table</fwdEngineeringStrategyName>
<growthPercent>0</growthPercent>
<growthType>Year</growthType>
<maxVolumes>9999999</maxVolumes>
<minVolumes>0</minVolumes>
<normalForm>Third</normalForm>
<attributes itemClass="oracle.dbtools.crest.model.design.logical.Attribute">
<Attribute name="id_exame" id="6DBF537E-0CFD-50AF-7004-5DF7F181C202">
<createdBy>Jhonn</createdBy>
<createdTime>2023-11-28 00:09:44 UTC</createdTime>
<ownerDesignName>Relational</ownerDesignName>
<engineerTo>
<item key="34094FED-230F-6AAD-A6CA-73C5C56A798E" value="true"/>
</engineerTo>
<useDomainConstraints>false</useDomainConstraints>
<use>1</use>
<logicalDatatype>LOGDT019</logicalDatatype>
<dataTypePrecision>10</dataTypePrecision>
<ownDataTypeParameters>,10,</ownDataTypeParameters>
</Attribute>
<Attribute name="especialista" id="D15C6858-1DA4-E418-5043-201F25C2DEEF">
<createdBy>Jhonn</createdBy>
<createdTime>2023-11-28 00:10:07 UTC</createdTime>
<ownerDesignName>Relational</ownerDesignName>
<engineerTo>
<item key="34094FED-230F-6AAD-A6CA-73C5C56A798E" value="true"/>
</engineerTo>
<useDomainConstraints>false</useDomainConstraints>
<use>1</use>
<logicalDatatype>LOGDT024</logicalDatatype>
<dataTypeSize>50</dataTypeSize>
<ownDataTypeParameters>50,,</ownDataTypeParameters>
</Attribute>
<Attribute name="data_exame" id="51B6DE08-2806-D450-4286-9CC5935EB4BA">
<createdBy>Jhonn</createdBy>
<createdTime>2023-11-28 00:10:28 UTC</createdTime>
<ownerDesignName>Relational</ownerDesignName>
<engineerTo>
<item key="34094FED-230F-6AAD-A6CA-73C5C56A798E" value="true"/>
</engineerTo>
<useDomainConstraints>false</useDomainConstraints>
<use>1</use>
<logicalDatatype>LOGDT007</logicalDatatype>
<ownDataTypeParameters>,,</ownDataTypeParameters>
</Attribute>
<Attribute name="id" id="8E9A5930-D489-11ED-27B2-CDE1A3099047">
<createdBy>Jhonn</createdBy>
<createdTime>2023-11-28 00:16:42 UTC</createdTime>
<generatorID>73298865-B2D7-6344-00DD-9AF30ECE9145</generatorID>
<ownerDesignName>Relational</ownerDesignName>
<engineerTo>
<item key="34094FED-230F-6AAD-A6CA-73C5C56A798E" value="true"/>
</engineerTo>
<referedAttribute>7790F75A-D125-96FD-92DA-04130859DF1B</referedAttribute>
<useDomainConstraints>false</useDomainConstraints>
<use>1</use>
<logicalDatatype>LOGDT019</logicalDatatype>
<dataTypePrecision>10</dataTypePrecision>
<ownDataTypeParameters>,10,</ownDataTypeParameters>
</Attribute>
<Attribute name="id1" id="B81CD22E-9C53-9892-F9EA-1A5BEE522892">
<createdBy>Jhonn</createdBy>
<createdTime>2023-11-28 00:17:04 UTC</createdTime>
<generatorID>A7643617-7417-C6B3-899E-0B276280BF12</generatorID>
<ownerDesignName>Relational</ownerDesignName>
<engineerTo>
<item key="34094FED-230F-6AAD-A6CA-73C5C56A798E" value="true"/>
</engineerTo>
<referedAttribute>B2EADA8B-0AD4-22BB-36BC-F466D162F574</referedAttribute>
<useDomainConstraints>false</useDomainConstraints>
<use>1</use>
<logicalDatatype>LOGDT019</logicalDatatype>
<dataTypePrecision>10</dataTypePrecision>
<ownDataTypeParameters>,10,</ownDataTypeParameters>
</Attribute>
<Attribute name="id2" id="938B97A5-FC69-7C66-E246-19D403006873">
<createdBy>Jhonn</createdBy>
<createdTime>2023-11-28 00:17:18 UTC</createdTime>
<generatorID>E6014943-C4B6-234E-865C-227856079E84</generatorID>
<ownerDesignName>Relational</ownerDesignName>
<engineerTo>
<item key="34094FED-230F-6AAD-A6CA-73C5C56A798E" value="true"/>
</engineerTo>
<referedAttribute>2B46F048-D957-4054-46D1-BA45053A3C49</referedAttribute>
<useDomainConstraints>false</useDomainConstraints>
<use>1</use>
<logicalDatatype>LOGDT019</logicalDatatype>
<dataTypePrecision>10</dataTypePrecision>
<ownDataTypeParameters>,10,</ownDataTypeParameters>
</Attribute>
</attributes>
<identifiers itemClass="oracle.dbtools.crest.model.design.logical.CandidateKey">
<identifier id="4F2796E0-D90C-591E-C48D-6D00905943B5" name="exame PK">
<createdBy>Jhonn</createdBy>
<createdTime>2023-11-28 00:10:05 UTC</createdTime>
<ownerDesignName>Relational</ownerDesignName>
<shouldEngineer>false</shouldEngineer>
<engineerTo>
<item key="34094FED-230F-6AAD-A6CA-73C5C56A798E" value="false"/>
</engineerTo>
<pk>true</pk>
<usedAttributes>
<attributeRef>6DBF537E-0CFD-50AF-7004-5DF7F181C202</attributeRef>
</usedAttributes>
</identifier>
</identifiers>
</Entity>