<?xml version = '1.0' encoding = 'UTF-8'?>
<Table class="oracle.dbtools.crest.model.design.relational.Table" directorySegmentName="seg_0" id="85DD72CC-638C-3B2C-7DA8-2B83B5623BBC" name="beneficiario">
<createdBy>Jhonn</createdBy>
<createdTime>2023-11-28 00:21:47 UTC</createdTime>
<generatorID>5C022533-54B8-E6CD-25BD-FABF42811C42</generatorID>
<ownerDesignName>Relational</ownerDesignName>
<allowColumnReorder>false</allowColumnReorder>
<existDependencyGenerateInDDl>true</existDependencyGenerateInDDl>
<parsed>true</parsed>
<columns itemClass="oracle.dbtools.crest.model.design.relational.Column">
<Column name="id" id="6996BABD-E416-9BD6-1386-5128F8BECEDF">
<createdBy>Jhonn</createdBy>
<createdTime>2023-11-28 00:21:47 UTC</createdTime>
<generatorID>7790F75A-D125-96FD-92DA-04130859DF1B</generatorID>
<ownerDesignName>Relational</ownerDesignName>
<useDomainConstraints>false</useDomainConstraints>
<use>1</use>
<logicalDatatype>LOGDT019</logicalDatatype>
<dataTypePrecision>10</dataTypePrecision>
<ownDataTypeParameters>,10,</ownDataTypeParameters>
<autoIncrementCycle>false</autoIncrementCycle>
</Column>
<Column name="nome" id="AFE0DF9E-544C-98DE-8694-BCF3546AA4AC">
<createdBy>Jhonn</createdBy>
<createdTime>2023-11-28 00:21:47 UTC</createdTime>
<generatorID>F17603B6-EB1A-3249-33CE-C8178FC9BD0B</generatorID>
<ownerDesignName>Relational</ownerDesignName>
<useDomainConstraints>false</useDomainConstraints>
<use>1</use>
<logicalDatatype>LOGDT024</logicalDatatype>
<dataTypeSize>50</dataTypeSize>
<ownDataTypeParameters>50,,</ownDataTypeParameters>
<autoIncrementCycle>false</autoIncrementCycle>
</Column>
<Column name="email" id="2A0F41BC-FC5C-4977-39D7-0DB723FCCB60">
<createdBy>Jhonn</createdBy>
<createdTime>2023-11-28 00:21:47 UTC</createdTime>
<generatorID>797415F5-1B27-58CD-9FFB-6805238AE064</generatorID>
<ownerDesignName>Relational</ownerDesignName>
<useDomainConstraints>false</useDomainConstraints>
<use>1</use>
<logicalDatatype>LOGDT024</logicalDatatype>
<dataTypeSize>50</dataTypeSize>
<ownDataTypeParameters>50,,</ownDataTypeParameters>
<autoIncrementCycle>false</autoIncrementCycle>
</Column>
<Column name="cpf" id="96E2147A-C16E-8257-C8DB-4BE12479C574">
<createdBy>Jhonn</createdBy>
<createdTime>2023-11-28 00:21:47 UTC</createdTime>
<generatorID>FE10EDF4-50B8-40BC-B4BD-209A78163855</generatorID>
<ownerDesignName>Relational</ownerDesignName>
<useDomainConstraints>false</useDomainConstraints>
<use>1</use>
<logicalDatatype>LOGDT025</logicalDatatype>
<dataTypeSize>11</dataTypeSize>
<ownDataTypeParameters>11,,</ownDataTypeParameters>
<autoIncrementCycle>false</autoIncrementCycle>
</Column>
<Column name="data_nascimento" id="D1717C1D-D89B-9828-1AE6-51CD25F007C6">
<createdBy>Jhonn</createdBy>
<createdTime>2023-11-28 00:21:47 UTC</createdTime>
<generatorID>7826DB90-366A-2644-7DC3-C74B8BB9AD3C</generatorID>
<ownerDesignName>Relational</ownerDesignName>
<useDomainConstraints>false</useDomainConstraints>
<use>1</use>
<logicalDatatype>LOGDT007</logicalDatatype>
<ownDataTypeParameters>,,</ownDataTypeParameters>
<autoIncrementCycle>false</autoIncrementCycle>
</Column>
<Column name="cep" id="69D47564-EB8E-69B9-2F73-56692B1889FB">
<createdBy>Jhonn</createdBy>
<createdTime>2023-11-28 00:21:47 UTC</createdTime>
<generatorID>671EC2C1-CBA7-AA16-48D3-9C33F5DA8326</generatorID>
<ownerDesignName>Relational</ownerDesignName>
<useDomainConstraints>false</useDomainConstraints>
<use>1</use>
<logicalDatatype>LOGDT025</logicalDatatype>
<dataTypeSize>8</dataTypeSize>
<ownDataTypeParameters>8,,</ownDataTypeParameters>
<autoIncrementCycle>false</autoIncrementCycle>
</Column>
<Column name="senha" id="2FE7A530-BB26-7BC2-1737-18BFA99B6C7A">
<createdBy>Jhonn</createdBy>
<createdTime>2023-11-28 00:21:47 UTC</createdTime>
<generatorID>22E3934C-ACD4-4C4A-29A7-6C0A8E1F3F25</generatorID>
<ownerDesignName>Relational</ownerDesignName>
<useDomainConstraints>false</useDomainConstraints>
<use>1</use>
<logicalDatatype>LOGDT024</logicalDatatype>
<dataTypeSize>50</dataTypeSize>
<ownDataTypeParameters>50,,</ownDataTypeParameters>
<autoIncrementCycle>false</autoIncrementCycle>
</Column>
</columns>
<indexes itemClass="oracle.dbtools.crest.model.design.relational.Index">
<ind_PK_UK id="F1F69A29-EA4A-4162-F60E-773EB355F0C7" name="beneficiario_PK">
<createdBy>Jhonn</createdBy>
<createdTime>2023-11-28 00:21:47 UTC</createdTime>
<generatorID>BCCDC0DA-8356-E131-A57B-B374BB1A0895</generatorID>
<ownerDesignName>Relational</ownerDesignName>
<pk>true</pk>
<indexState>Primary Constraint</indexState>
<isSurrogateKey>false</isSurrogateKey>
<indexColumnUsage>
<colUsage columnID="6996BABD-E416-9BD6-1386-5128F8BECEDF"/>
</indexColumnUsage>
</ind_PK_UK>
</indexes>
</Table>