<?xml version = '1.0' encoding = 'UTF-8'?>
<FKIndexAssociation class="oracle.dbtools.crest.model.design.relational.FKIndexAssociation" directorySegmentName="seg_0" id="545322FD-618B-0EC3-CB33-88F6E810AAF3" containerWithKeyObject="F295AF6F-027E-D59F-2122-6740098835B2" localFKIndex="8D778F63-BE1D-B070-C726-97AFFFEFAFAA" name="exame_beneficiario_FK">
<createdBy>Jhonn</createdBy>
<createdTime>2023-11-28 00:21:47 UTC</createdTime>
<generatorID>73298865-B2D7-6344-00DD-9AF30ECE9145</generatorID>
<ownerDesignName>Relational</ownerDesignName>
<referredTableLongName>beneficiario</referredTableLongName>
<deleteRule>NO ACTION</deleteRule>
<referredTableID>85DD72CC-638C-3B2C-7DA8-2B83B5623BBC</referredTableID>
<keyObject>F1F69A29-EA4A-4162-F60E-773EB355F0C7</keyObject>
<referredKeyID>F1F69A29-EA4A-4162-F60E-773EB355F0C7</referredKeyID>
<mandatory>true</mandatory>
<refColNames>id</refColNames>
<transferable>true</transferable>
<rely>false</rely>
<columnDependencyConstraintGenerateInDDL>true</columnDependencyConstraintGenerateInDDL>
</FKIndexAssociation>