<?xml version = '1.0' encoding = 'UTF-8'?>
<Relation class="oracle.dbtools.crest.model.design.logical.Relation" name="realiza" directorySegmentName="seg_0" id="61BB0CCA-9C69-09B4-851E-88C0810CEB68">
<createdBy>Jhonn</createdBy>
<createdTime>2023-11-28 00:15:46 UTC</createdTime>
<ownerDesignName>Relational</ownerDesignName>
<engineerTo>
<item key="34094FED-230F-6AAD-A6CA-73C5C56A798E" value="true"/>
</engineerTo>
<sourcePk>BCCDC0DA-8356-E131-A57B-B374BB1A0895</sourcePk>
<identifying>false</identifying>
<optionalSource>true</optionalSource>
<optionalTarget>false</optionalTarget>
<sourceCardinality>1</sourceCardinality>
<sourceEntity>5C022533-54B8-E6CD-25BD-FABF42811C42</sourceEntity>
<targetCardinalityString>*</targetCardinalityString>
<targetEntity>58B037AE-02EB-40FD-048E-0AA6EA48D68C</targetEntity>
<transferable>true</transferable>
<deleteRule>NO ACTION</deleteRule>
</Relation>