<?xml version = '1.0' encoding = 'UTF-8'?>
<Relation class="oracle.dbtools.crest.model.design.logical.Relation" name="possui" directorySegmentName="seg_0" id="6225EBDD-BBED-CA85-7162-B52AE6CB75BD">
<createdBy>Jhonn</createdBy>
<createdTime>2023-11-28 00:21:30 UTC</createdTime>
<ownerDesignName>Relational</ownerDesignName>
<engineerTo>
<item key="34094FED-230F-6AAD-A6CA-73C5C56A798E" value="true"/>
</engineerTo>
<sourcePk>BCCDC0DA-8356-E131-A57B-B374BB1A0895</sourcePk>
<identifying>false</identifying>
<optionalSource>true</optionalSource>
<optionalTarget>false</optionalTarget>
<sourceCardinality>1</sourceCardinality>
<sourceEntity>5C022533-54B8-E6CD-25BD-FABF42811C42</sourceEntity>
<targetCardinalityString>1</targetCardinalityString>
<targetEntity>22E07A3A-BAA5-D8E5-D14A-CD0E8157A943</targetEntity>
<transferable>true</transferable>
<deleteRule>NO ACTION</deleteRule>
</Relation>