<?xml version = '1.0' encoding = 'UTF-8'?>
<Relation class="oracle.dbtools.crest.model.design.logical.Relation" name="realizav1" directorySegmentName="seg_0" id="73298865-B2D7-6344-00DD-9AF30ECE9145">
<createdBy>Jhonn</createdBy>
<createdTime>2023-11-28 00:16:42 UTC</createdTime>
<ownerDesignName>Logical</ownerDesignName>
<engineerTo>
<item key="34094FED-230F-6AAD-A6CA-73C5C56A798E" value="true"/>
</engineerTo>
<sourcePk>BCCDC0DA-8356-E131-A57B-B374BB1A0895</sourcePk>
<identifying>false</identifying>
<optionalSource>true</optionalSource>
<optionalTarget>false</optionalTarget>
<sourceCardinality>1</sourceCardinality>
<sourceEntity>5C022533-54B8-E6CD-25BD-FABF42811C42</sourceEntity>
<targetCardinalityString>*</targetCardinalityString>
<targetEntity>C748DF9C-2025-5157-D45A-734FA4B8904B</targetEntity>
<transferable>true</transferable>
<deleteRule>NO ACTION</deleteRule>
</Relation>