<?xml version = '1.0' encoding = 'UTF-8'?>
<Relation class="oracle.dbtools.crest.model.design.logical.Relation" name="realizav2" directorySegmentName="seg_0" id="E6014943-C4B6-234E-865C-227856079E84">
<createdBy>Jhonn</createdBy>
<createdTime>2023-11-28 00:17:18 UTC</createdTime>
<ownerDesignName>Logical</ownerDesignName>
<engineerTo>
<item key="34094FED-230F-6AAD-A6CA-73C5C56A798E" value="true"/>
</engineerTo>
<sourcePk>4BE5C330-B16B-535C-FBBF-53B318DAB5AE</sourcePk>
<identifying>false</identifying>
<optionalSource>true</optionalSource>
<optionalTarget>false</optionalTarget>
<sourceCardinality>1</sourceCardinality>
<sourceEntity>5B38ADC2-F1CF-8377-17E8-8E801EFF579C</sourceEntity>
<targetCardinalityString>*</targetCardinalityString>
<targetEntity>C748DF9C-2025-5157-D45A-734FA4B8904B</targetEntity>
<transferable>true</transferable>
<deleteRule>NO ACTION</deleteRule>
</Relation>