<?xml version = '1.0' encoding = 'UTF-8'?>
<Table class="oracle.dbtools.crest.model.design.relational.Table" directorySegmentName="seg_0" id="ED4BEF65-25E7-0B8D-5C7A-CB7C61F36BAF" name="consulta">
<createdBy>Jhonn</createdBy>
<createdTime>2023-11-28 00:21:47 UTC</createdTime>
<generatorID>58B037AE-02EB-40FD-048E-0AA6EA48D68C</generatorID>
<ownerDesignName>Logical</ownerDesignName>
<allowColumnReorder>false</allowColumnReorder>
<existDependencyGenerateInDDl>true</existDependencyGenerateInDDl>
<parsed>true</parsed>
<columns itemClass="oracle.dbtools.crest.model.design.relational.Column">
<Column name="id_consulta" id="CA980109-68DA-5E1E-FDC6-6363F8F9DCCF">
<createdBy>Jhonn</createdBy>
<createdTime>2023-11-28 00:21:47 UTC</createdTime>
<generatorID>7C775C4A-533D-3066-27FC-D46482A99A54</generatorID>
<ownerDesignName>Logical</ownerDesignName>
<useDomainConstraints>false</useDomainConstraints>
<use>1</use>
<logicalDatatype>LOGDT019</logicalDatatype>
<dataTypePrecision>10</dataTypePrecision>
<ownDataTypeParameters>,10,</ownDataTypeParameters>
<autoIncrementCycle>false</autoIncrementCycle>
</Column>
<Column name="especialidade" id="71F857D8-138E-1264-ED70-CF8E3D5B858B">
<createdBy>Jhonn</createdBy>
<createdTime>2023-11-28 00:21:47 UTC</createdTime>
<generatorID>D10BE6E9-3877-A5C6-D806-3F19D7F2F080</generatorID>
<ownerDesignName>Logical</ownerDesignName>
<useDomainConstraints>false</useDomainConstraints>
<use>1</use>
<logicalDatatype>LOGDT024</logicalDatatype>
<dataTypeSize>50</dataTypeSize>
<ownDataTypeParameters>50,,</ownDataTypeParameters>
<autoIncrementCycle>false</autoIncrementCycle>
</Column>
<Column name="data_consulta" id="A3B75A07-56DA-A8BB-A59A-2D9E4436466F">
<createdBy>Jhonn</createdBy>
<createdTime>2023-11-28 00:21:47 UTC</createdTime>
<generatorID>8EDCB075-2F19-64A9-3224-8CB86DE07856</generatorID>
<ownerDesignName>Logical</ownerDesignName>
<useDomainConstraints>false</useDomainConstraints>
<use>1</use>
<logicalDatatype>LOGDT007</logicalDatatype>
<ownDataTypeParameters>,,</ownDataTypeParameters>
<autoIncrementCycle>false</autoIncrementCycle>
</Column>
<Column name="beneficiario_id" id="A60CCB58-61C4-5162-8119-518F184171EC">
<createdBy>Jhonn</createdBy>
<createdTime>2023-11-28 00:21:47 UTC</createdTime>
<generatorID>642449D2-12F5-67EF-D0D3-B07A6C029B37</generatorID>
<ownerDesignName>Logical</ownerDesignName>
<useDomainConstraints>false</useDomainConstraints>
<use>1</use>
<logicalDatatype>LOGDT019</logicalDatatype>
<dataTypePrecision>10</dataTypePrecision>
<ownDataTypeParameters>,10,</ownDataTypeParameters>
<previousColumn>false</previousColumn>
<autoIncrementCycle>false</autoIncrementCycle>
<associations>
<colAssociation fkAssociation="8D34456D-1BA3-3726-FFBE-7742B0527A98" referredColumn="6996BABD-E416-9BD6-1386-5128F8BECEDF"/>
</associations>
</Column>
<Column name="funcionario_id" id="3A225BFB-314E-CA7B-ED46-99EE9161909D">
<createdBy>Jhonn</createdBy>
<createdTime>2023-11-28 00:21:47 UTC</createdTime>
<generatorID>0C7F4815-1067-7A23-D104-603A4EA21104</generatorID>
<ownerDesignName>Logical</ownerDesignName>
<useDomainConstraints>false</useDomainConstraints>
<use>1</use>
<logicalDatatype>LOGDT019</logicalDatatype>
<dataTypePrecision>10</dataTypePrecision>
<ownDataTypeParameters>,10,</ownDataTypeParameters>
<previousColumn>false</previousColumn>
<autoIncrementCycle>false</autoIncrementCycle>
<associations>
<colAssociation fkAssociation="E416DF0E-965F-3858-E21C-C5C030470433" referredColumn="1A1C0900-27C5-C035-02BB-789A31DC1B23"/>
</associations>
</Column>
</columns>
<indexes itemClass="oracle.dbtools.crest.model.design.relational.Index">
<ind_PK_UK id="C013D93E-B9E5-4BDB-5DF9-847A08158184" name="consulta_PK">
<createdBy>Jhonn</createdBy>
<createdTime>2023-11-28 00:21:47 UTC</createdTime>
<generatorID>DDAFF578-50AE-98AB-76F4-71F5C23FD9DD</generatorID>
<ownerDesignName>Logical</ownerDesignName>
<pk>true</pk>
<indexState>Primary Constraint</indexState>
<isSurrogateKey>false</isSurrogateKey>
<indexColumnUsage>
<colUsage columnID="CA980109-68DA-5E1E-FDC6-6363F8F9DCCF"/>
</indexColumnUsage>
</ind_PK_UK>
<ind_PK_UK id="495DFF8B-6831-BB07-158D-3DC704FEF941" name="consulta_funcionario_FK">
<createdBy>Jhonn</createdBy>
<createdTime>2023-11-28 00:21:47 UTC</createdTime>
<generatorID>6BDCBDEF-36CD-D5EE-653A-65C35DBE3D61</generatorID>
<ownerDesignName>Logical</ownerDesignName>
<indexState>Foreign Key</indexState>
<isSurrogateKey>false</isSurrogateKey>
<indexColumnUsage>
<colUsage columnID="3A225BFB-314E-CA7B-ED46-99EE9161909D"/>
</indexColumnUsage>
</ind_PK_UK>
<ind_PK_UK id="94D7B357-9609-0FEA-865E-A321EA8572AF" name="consulta_beneficiario_FK">
<createdBy>Jhonn</createdBy>
<createdTime>2023-11-28 00:21:47 UTC</createdTime>
<generatorID>61BB0CCA-9C69-09B4-851E-88C0810CEB68</generatorID>
<ownerDesignName>Logical</ownerDesignName>
<indexState>Foreign Key</indexState>
<isSurrogateKey>false</isSurrogateKey>
<indexColumnUsage>
<colUsage columnID="A60CCB58-61C4-5162-8119-518F184171EC"/>
</indexColumnUsage>
</ind_PK_UK>
</indexes>
</Table>